file,title,used_on_pages,pages
ELG-75-SPEC.PDF,12v Mean Well 75w IP65 Transformer Specifications,2,/products/lighting-perth/australian-certified-12v-24v-transformers-greenhouse-technologies/tr12v-all.html /products/lighting-perth/led-strip-lights/tr12v-all.html
VHO-020.pdf,12V 20w IP20 Transformer Specifications,2,/products/lighting-perth/australian-certified-12v-24v-transformers-greenhouse-technologies/tr12v-all.html /products/lighting-perth/led-strip-lights/tr12v-all.html
VHO-200-012B5_specification_1.pdf,12V 200w IP65 Transformer Specifications,2,/products/lighting-perth/australian-certified-12v-24v-transformers-greenhouse-technologies/tr12v-all.html /products/lighting-perth/led-strip-lights/tr12v-all.html
VUO-075-012M6_specification.pdf,12v 75w IP20 Transformer Specifications,2,/products/lighting-perth/australian-certified-12v-24v-transformers-greenhouse-technologies/tr12v-all.html /products/lighting-perth/led-strip-lights/tr12v-all.html
Tr12V40W.pdf,12v 40w IP20 Transformer Specifications,2,/products/lighting-perth/australian-certified-12v-24v-transformers-greenhouse-technologies/tr12v-all.html /products/lighting-perth/led-strip-lights/tr12v-all.html
ELG-240-SPEC.PDF,24V Mean Well IP65 240w Transformer Specifications,2,/products/lighting-perth/australian-certified-12v-24v-transformers-greenhouse-technologies/tr24v-all.html /products/lighting-perth/led-strip-lights/tr24v-all.html
ELG-150-SPEC.PDF,24V 150W Mean Well IP65 Transformer Specifications,2,/products/lighting-perth/australian-certified-12v-24v-transformers-greenhouse-technologies/tr24v-all.html /products/lighting-perth/led-strip-lights/tr24v-all.html
VUF-030_040_-012_24_M4_ENG.pdf,24V 30W IP20 Transformer Specifications,2,/products/lighting-perth/australian-certified-12v-24v-transformers-greenhouse-technologies/tr24v-all.html /products/lighting-perth/led-strip-lights/tr24v-all.html
VUF-060.pdf,24V 60W IP20 Transformer Specifications,2,/products/lighting-perth/australian-certified-12v-24v-transformers-greenhouse-technologies/tr24v-all.html /products/lighting-perth/led-strip-lights/tr24v-all.html
VHO-100-012A01_specification.pdf,24V 100w IP67 Transformer Specifications,2,/products/lighting-perth/australian-certified-12v-24v-transformers-greenhouse-technologies/tr24v-all.html /products/lighting-perth/led-strip-lights/tr24v-all.html
Amari-52_Fan_21719_.pdf,AMARI DC FAN BLACK OR WHITE,1,/products/lighting-perth/air-flow/amari-dc-52-fan-bw.html
Dc_Fans_vs_AC_fans_1.pdf,DC / AC Fan Comparison,2,/products/lighting-perth/air-flow/amari-dc-52-fan-bw.html /products/lighting-perth/air-flow/amari-dc-52-fan-light.html
DCWALLCONTROL2.pdf,AMARI DC FAN WALL CONTROLLER,4,/products/lighting-perth/air-flow/amari-dc-52-fan-bw.html /products/lighting-perth/air-flow/amari-dc-52-fan-light.html /products/lighting-perth/air-flow/amari-dc-fan-56-bw.html /products/lighting-perth/air-flow/amari-dc-fan-56-light-bw.html
Amari-52_Fan_and_Light_21721_.pdf,"AMARI 52"" DC FAN",1,/products/lighting-perth/air-flow/amari-dc-52-fan-light.html
Amari_5_blade_no_light_specs.pdf,"AMARI 5-BLADE 56"" CEILING FAN",1,/products/lighting-perth/air-flow/amari-dc-fan-56-bw.html
Amari_5_blade_light_specs_1.pdf,"AMARI 5 BLADE 56"" CEILING FAN WITH CCT LIGHT",1,/products/lighting-perth/air-flow/amari-dc-fan-56-light-bw.html
Solace.pdf,SOLACE 4-IN-1 BATHROOM MATE,1,/products/lighting-perth/air-flow/solace-bathroom-mate.html
Blizzard_SeriesII.pdf,Blizzard DC Bathroom Exhaust Fan,4,/products/lighting-perth/air-flow/blizzard-exhaust-small.html /products/lighting-perth/air-flow/blizzard-exhaust-large.html /products/lighting-perth/air-flow/blizzard-exhaust-cct-small.html /products/lighting-perth/air-flow/blizzard-exhaust-cct-large-1.html
22888_22889_Promax_Exhaust_Fan_OL.pdf,TALON PROMAX EXHAUST FAN,1,/products/lighting-perth/air-flow/talon-promax-no-led.html
19847_slim_heat_lamp.pdf,19847 Slim 2 Heat Lamp Specs,1,/products/lighting-perth/air-flow/horizon-heater-lamps.html
SupernovaII_20748-20749.pdf,Supernova II 2 Heat Lamp Specs,1,/products/lighting-perth/air-flow/supernova-heater.html
T20CCT.pdf,20W CCT LED Batten Specs,2,/products/lighting-perth/led-batten-lights-perth/t20-cct-1.html /products/lighting-perth/commercial-lighting-perth/t20-cct-1.html
T40-CCT_Pro.pdf,40W LED Batten Pro Specs,2,/lighting-perth/led-batten-lights-perth/t40-cct-batten-pro.html /lighting-perth/commercial-lighting-perth/t40-cct-batten-pro.html
30W_Track_lights_4.pdf,30W LED TRACK LIGHT,3,/lighting-perth/led-ceiling-lights-perth/30w-led-track-light.html /lighting-perth/commercial-lighting-perth/30w-led-track-light.html /products/lighting-perth/led-track-lights-perth/30w-led-track-light.html
Modular_Linear_Light.pdf,Linear Modular Lighting System,3,/lighting-perth/led-ceiling-lights-perth/black-linear-modular-light.html /lighting-perth/commercial-lighting-perth/black-linear-modular-light.html /products/lighting-perth/led-track-lights-perth/black-linear-modular-light.html
GH-CCTP_small.pdf,12W CEILING LIGHT CCT,2,/lighting-perth/led-ceiling-lights-perth/gh-c12cct-bw.html /lighting-perth/commercial-lighting-perth/gh-c12cct-bw.html
GH-W8.pdf,8W UP/DOWN WALL LIGHT CCT DIMMABLE,2,/lighting-perth/led-ceiling-lights-perth/wl8-cct-bw-1.html /lighting-perth/commercial-lighting-perth/wl8-cct-bw-1.html
Sasha_Wall_light_1.pdf,Mercator Sasha II Up/Down Wall Light,2,/lighting-perth/led-ceiling-lights-perth/mr10-cct-wall-b.html /lighting-perth/commercial-lighting-perth/mr10-cct-wall-b.html
C25P.pdf,25/18/12W CCT PREMIUM CEILING LIGHT,3,/lighting-perth/led-ceiling-lights-perth/c25-cct-pa.html /lighting-perth/led-ceiling-lights-perth/p30s-cct.html /lighting-perth/commercial-lighting-perth/c25-cct-pa.html
P30S_Ceiling_Light_2.pdf,30w LED Round Ceiling 5-CCT,1,/lighting-perth/led-ceiling-lights-perth/p30s-cct.html
P24SE.pdf,24w Ceiling/Panel Light CCT SE,1,/lighting-perth/led-ceiling-lights-perth/p24se-cct.html
P24Smart.pdf,24W Smart LED Panel Light Specs,2,/products/lighting-perth/led-ceiling-lights-perth/p24-wifi.html /automation/smart-lights-perth/p24-wifi.html
P24_Smart_Instructions.pdf,24W CEILING LIGHT SMART INSTRUCTIONS,2,/products/lighting-perth/led-ceiling-lights-perth/p24-wifi.html /automation/smart-lights-perth/p24-wifi.html
P24_RGB_CCT.pdf,24W SMART WIFI CEILING LIGHT RGB+CCT,2,/lighting-perth/led-ceiling-lights-perth/p24-rgbw-cct.html /automation/smart-lights-perth/p24-rgbw-cct.html
P18SE.pdf,18W Ceiling/Panel Light CCT SE,1,/lighting-perth/led-ceiling-lights-perth/p18se-cct.html
P18E_40K_50K-1.pdf,P18E LED Light Panel Specs,1,/products/lighting-perth/led-ceiling-lights-perth/p18e.html
P6S.pdf,6W Ceiling/Mini Panel Light Specs,1,/products/lighting-perth/led-ceiling-lights-perth/p6s-cct.html
P18CCT_25SQ.pdf,P18 CCT SQ Specs,1,/products/lighting-perth/led-ceiling-lights-perth/p18cct-rnd-sq.html
P36UP_30x120_CCT_1.pdf,36w Low Glare 30x120 CCT Panel Lights,2,/products/lighting-perth/led-ceiling-lights-perth/p36up-30x120-cct.html /products/lighting-perth/commercial-lighting-perth/p36up-30x120-cct.html
P36UP_60x60_CCT.pdf,36w Low Glare 60x60 CCT Panel Lights,2,/lighting-perth/led-ceiling-lights-perth/p36-60x60-cct.html /lighting-perth/commercial-lighting-perth/p36-60x60-cct.html
DL7ES.pdf,7W LED Tricolour Downlight 70-75mm,1,/products/lighting-perth/led-downlights-perth/dl7es-flat.html
DL7A.pdf,DL7A Downlight Specs,2,/products/lighting-perth/led-downlights-perth/dl7a.html /products/lighting-perth/commercial-lighting-perth/dl7a.html
DL9ES-F_1.pdf,8w High Lumen 90mm Tricolour Downlight,1,/products/lighting-perth/led-downlights-perth/dl9es-flat-hl.html
DL8_Architectural_LG.pdf,8w Architecture Low Glare Adjustable Downlight,2,/products/lighting-perth/led-downlights-perth/dl8cct-p-lg.html /products/lighting-perth/commercial-lighting-perth/dl8cct-p-lg.html
DL10ES-F_2.pdf,10W TRI-COLOUR DOWNLIGHT FLAT COVER,2,/products/lighting-perth/led-downlights-perth/dl10es-flat-white-1.html /products/lighting-perth/led-downlights-perth/dl10es-flat-black.html
DL10PS.pdf,DL10PS Specs,1,/products/lighting-perth/led-downlights-perth/dl10-ps.html
DL10PBT.pdf,10w Bluetooth LED Downlight Low Glare,2,/products/lighting-perth/led-downlights-perth/dl10pbt.html /automation/smart-lights-perth/dl10pbt.html
DL10S.pdf,DL10S Specs,1,/products/lighting-perth/led-downlights-perth/dl10s-al.html
DL9_RGBW_BT_1.pdf,9w SMART RGBW DOWNLIGHT BLUETOOTH,3,/products/lighting-perth/led-downlights-perth/dl9rgbw-bt1.html /products/lighting-perth/commercial-lighting-perth/dl9rgbw-bt1.html /automation/smart-lights-perth/dl9rgbw-bt1.html
DL9_RGB_PBT.pdf,9W SMART RGBW LOW GLARE DOWNLIGHT,3,/products/lighting-perth/led-downlights-perth/dl9rgbw-pbt.html /lighting-perth/commercial-lighting-perth/dl9rgbw-pbt.html /automation/smart-lights-perth/dl9rgbw-pbt.html
DL5_7_10gimbal_1.pdf,DL5/7/10G Downlight Specs,4,/products/lighting-perth/led-downlights-perth/dl7g-ip65-black-1.html /products/lighting-perth/led-downlights-perth/dl10gs-ip65.html /lighting-perth/commercial-lighting-perth/dl10gs-ip65.html /lighting-perth/commercial-lighting-perth/dl7g-ip65-black-1.html
Gimbal_downlight.pdf,Gimbal Light Installation Instructions,2,/products/lighting-perth/led-downlights-perth/dl10gs-ip65.html /lighting-perth/commercial-lighting-perth/dl10gs-ip65.html
DL13ESF.pdf,DL13ES Downlight Specs,1,/products/lighting-perth/led-downlights-perth/dl13es.html
DL15_12-120.pdf,15W/12W CCT POWER ADJUSTABLE DOWNLIGHT,2,/products/lighting-perth/led-downlights-perth/dl15-12-cct-pa.html /lighting-perth/commercial-lighting-perth/dl15-12-cct-pa.html
DL25_20-140.pdf,25W/20W CCT POWER ADJUSTABLE DOWNLIGHT (140mm),2,/products/lighting-perth/led-downlights-perth/dl25-20-140-cct-pa.html /lighting-perth/commercial-lighting-perth/dl25-20-140-cct-pa.html
DL25_20-160.pdf,25W/20W CCT POWER ADJUSTABLE DOWNLIGHT (160mm),2,/products/lighting-perth/led-downlights-perth/dl25-20-160-cct-pa.html /lighting-perth/commercial-lighting-perth/dl25-20-160-cct-pa.html
DL25_Smart_1.pdf,25W SMART WIFI DOWNLIGHT,3,/products/lighting-perth/led-downlights-perth/25w-smart-led-tuya-downlight.html /lighting-perth/commercial-lighting-perth/25w-smart-led-tuya-downlight.html /automation/smart-lights-perth/25w-smart-led-tuya-downlight.html
DL35_28-200.pdf,35W/28W CCT POWER ADJUSTABLE CCT DOWNLIGHT,2,/products/lighting-perth/led-downlights-perth/dl35-28-200-cct-pa.html /lighting-perth/commercial-lighting-perth/dl35-28-200-cct-pa.html
DL35S.pdf,P35S Switch Adjustable Downlight,2,/products/lighting-perth/led-downlights-perth/dl35s.html /products/lighting-perth/commercial-lighting-perth/dl35s.html
Star_lights_1_1.pdf,3W Star Light Specs,8,/products/lighting-perth/led-downlights-perth/dl03-all.html /products/lighting-perth/led-downlights-perth/dl03-4kit-1.html /products/lighting-perth/led-downlights-perth/dl03-4kit.html /products/lighting-perth/led-downlights-perth/dl03-6kit.html /products/lighting-perth/led-star-lights/dl03-all.html /products/lighting-perth/led-star-lights/dl03-4kit-1.html /products/lighting-perth/led-star-lights/dl03-6kit.html /products/lighting-perth/led-star-lights/dl03-4kit.html
DP40_CCT_1.pdf,40W TRICOLOUR DISPLAY LIGHT,2,/products/lighting-perth/led-downlights-perth/dp40-cct.html /products/lighting-perth/commercial-lighting-perth/dp40-cct.html
Quick_connect.pdf,QUICK CONNECT PLUG BASE,3,/products/lighting-perth/led-downlights-perth/q-connect.html /products/lighting-perth/commercial-lighting-perth/q-connect.html /products/lighting-perth/glass-light-switch-perth-html/q-connect.html
EMERGENCY_SIGN.pdf,GH Emergency Exit Sign,3,/products/lighting-perth/emergency-lights/gh-exit-box.html /products/lighting-perth/industrial-lighting-perth/gh-exit-box.html /products/lighting-perth/commercial-lighting-perth/gh-exit-box.html
Twin_Flood_Sensor.pdf,TWIN FLOOD SENSOR,2,/products/lighting-perth/led-flood-lights-perth/gh-tws-group.html /products/lighting-perth/led-outdoor-wall-lights-perth/gh-tws-group.html
Twin_Floodlights.pdf,24w Twin Floodlight Black/White,2,/products/lighting-perth/led-flood-lights-perth/gh-tws-group.html /products/lighting-perth/led-outdoor-wall-lights-perth/gh-tws-group.html
Spitfirepages_2.pdf,5W LED EMERGENCY LIGHT (SPITFIRE),3,/products/lighting-perth/emergency-lights/gh-em5-spitfire-r.html /lighting-perth/industrial-lighting-perth/gh-em5-spitfire-r.html /lighting-perth/commercial-lighting-perth/gh-em5-spitfire-r.html
10-100W_LED_Superslim_White_Flood.pdf,10-100w Slim White Flood,2,/products/lighting-perth/led-flood-lights-perth/fs-flood-white-group.html /products/lighting-perth/led-outdoor-wall-lights-perth/fs-flood-white-group.html
30W_F30_flood1.pdf,30W LED Floodlight Specs,3,/products/lighting-perth/led-flood-lights-perth/f30-120-black.html /products/lighting-perth/industrial-lighting-perth/f30-120-black.html /products/lighting-perth/led-outdoor-wall-lights-perth/f30-120-black.html
F50_CCT_sensor.pdf,50w Floodlight CCT PA Sensor,2,/products/lighting-perth/led-flood-lights-perth/f50s-cct-pa.html /products/lighting-perth/led-outdoor-wall-lights-perth/f50s-cct-pa.html
50w_CCT_PA_Floodlight_1.pdf,50w Floodlight CCT PA,2,/products/lighting-perth/led-flood-lights-perth/f50s-cct-pa.html /products/lighting-perth/led-outdoor-wall-lights-perth/f50s-cct-pa.html
100W_CCT_Flood-1.pdf,100W SO FLOODLIGHT 90/120º LENS,4,/products/lighting-perth/led-flood-lights-perth/f100-120-cct-so.html /products/lighting-perth/led-flood-lights-perth/f100-90-cct-so.html /lighting-perth/industrial-lighting-perth/f100-90-cct-so.html /lighting-perth/industrial-lighting-perth/f100-120-cct-so.html
50W_CCT_Flood.pdf,50w CCT Floodlight 90/120º,3,/products/lighting-perth/led-flood-lights-perth/f50-black-cct-90-120.html /products/lighting-perth/led-outdoor-wall-lights-perth/f50-black-cct-90-120.html /lighting-perth/commercial-lighting-perth/f50-black-cct-90-120.html
50W_LED_RGB_floodlight_25_160D.pdf,F50 RGB Flood Specs,4,/products/lighting-perth/led-flood-lights-perth/f50-rgb.html /products/lighting-perth/led-garden-pool-lights-perth/f50-rgb.html /products/lighting-perth/led-outdoor-wall-lights-perth/f50-rgb.html /automation/smart-lights-perth/f50-rgb.html
A185_50K_1.pdf,185W Area Lights Specs,2,/products/lighting-perth/led-flood-lights-perth/a185-50k.html /products/lighting-perth/industrial-lighting-perth/a185-50k.html
300W_Area_Light_small_1.pdf,185/300w LED Area Light,4,/products/lighting-perth/led-flood-lights-perth/a185-50k.html /products/lighting-perth/led-flood-lights-perth/a300-50k.html /products/lighting-perth/industrial-lighting-perth/a185-50k.html /products/lighting-perth/industrial-lighting-perth/a300-50k.html
A300_50K.pdf,300W Area Light Specs,2,/products/lighting-perth/led-flood-lights-perth/a300-50k.html /products/lighting-perth/industrial-lighting-perth/a300-50k.html
HB200W-CCT-50K_1.pdf,200W SO HIGH BAY LIGHT 90º/120º BEAM,4,/products/lighting-perth/high-bay-lights/hb200-so-120.html /products/lighting-perth/high-bay-lights/hb200-so-90d.html /products/lighting-perth/industrial-lighting-perth/hb200-so-90d.html /products/lighting-perth/industrial-lighting-perth/hb200-so-120.html
Area_Light_GH240_500.pdf,GH Area Light 240w or 500w,6,/products/lighting-perth/led-flood-lights-perth/gh-a500-cct-pa-2.html /products/lighting-perth/led-flood-lights-perth/gh-a240-cct-pa.html /lighting-perth/industrial-lighting-perth/gh-a240-cct-pa.html /lighting-perth/industrial-lighting-perth/gh-a500-cct-pa-2.html /lighting-perth/commercial-lighting-perth/gh-a240-cct-pa.html /lighting-perth/commercial-lighting-perth/gh-a500-cct-pa-2.html
EVB_HB100_120__2.pdf,100W SO HIGH BAY LIGHT 120º BEAM,3,/products/lighting-perth/high-bay-lights/hb100-so-120.html /lighting-perth/industrial-lighting-perth/hb100-so-120.html /lighting-perth/commercial-lighting-perth/hb100-so-120.html
150w_Canopy_light.pdf,150W LED CANOPY LIGHT,3,/products/lighting-perth/industrial-lighting-perth/gh-c150w-40k.html /products/lighting-perth/led-outdoor-wall-lights-perth/gh-c150w-40k.html /products/lighting-perth/commercial-lighting-perth/gh-c150w-40k.html
GH-C200CCT.pdf,200W CCT CANOPY LIGHT POWER ADJUSTABLE,3,/lighting-perth/industrial-lighting-perth/gh-c200-cct.html /products/lighting-perth/led-outdoor-wall-lights-perth/gh-c200-cct.html /lighting-perth/commercial-lighting-perth/gh-c200-cct.html
GH-C100CCT-1.pdf,100W CCT CANOPY LIGHT POWER ADJUSTABLE,3,/lighting-perth/industrial-lighting-perth/gh-c100-cct-pa.html /products/lighting-perth/led-outdoor-wall-lights-perth/gh-c100-cct-pa.html /lighting-perth/commercial-lighting-perth/gh-c100-cct-pa.html
GH-W50CCT.pdf,50W CCT WALL LIGHT POWER ADJUSTABLE,3,/lighting-perth/industrial-lighting-perth/gh-w50-cct.html /products/lighting-perth/led-outdoor-wall-lights-perth/gh-w50-cct.html /lighting-perth/commercial-lighting-perth/gh-w50-cct.html
_Single_Colour_Garden_Lights_connection_1.pdf,10w Garden Light Connection (Single Colour),2,/products/lighting-perth/led-garden-pool-lights-perth/gl10-garden-3k4k-group.html /products/lighting-perth/led-outdoor-wall-lights-perth/gl10-garden-3k4k-group.html
10W_LED_Garden_light_1.pdf,10W LED Garden Light Specs,3,/products/lighting-perth/led-garden-pool-lights-perth/gl10-garden-3k4k-group.html /products/lighting-perth/led-garden-pool-lights-perth/gl10-garden-rgb-group.html /products/lighting-perth/led-outdoor-wall-lights-perth/gl10-garden-3k4k-group.html
RGB_Garden_Lights_connection_1.pdf,10W RGB Garden Lights Connection,1,/products/lighting-perth/led-garden-pool-lights-perth/gl10-garden-rgb-group.html
In-ground_light.pdf,7W IN-GROUND LIGHT,2,/products/lighting-perth/led-garden-pool-lights-perth/gl7-inground-3000k.html /products/lighting-perth/led-outdoor-wall-lights-perth/gl7-inground-3000k.html
GH-WL1_.pdf,GH-WL Black Linear Wall light,1,/products/lighting-perth/led-outdoor-wall-lights-perth/wl-24-ww-cct.html
6WRGBAluminium_wall_light.pdf,6W SMART WIFI RGBW WALL LIGHT,2,/products/lighting-perth/led-outdoor-wall-lights-perth/wl6-rgbw.html /automation/smart-lights-perth/wl6-rgbw.html
6WAluminium_wall_light1.pdf,WL6 Specs,1,/products/lighting-perth/led-outdoor-wall-lights-perth/wl6-35k-black.html
10W_LED_Wall_light_rectangle.pdf,10W Rectangular LED Wall Light Specs,1,/products/lighting-perth/led-outdoor-wall-lights-perth/wl10r-40k-black.html
10W_LED_Wall_light_square.pdf,10W Square LED Wall Light Specs,1,/products/lighting-perth/led-outdoor-wall-lights-perth/wl10r-40k-black.html
W10CCT_BW.pdf,10W LED CCT WALL LIGHT BLACK/WHITE,2,/products/lighting-perth/led-outdoor-wall-lights-perth/w10-cct-bw.html /products/lighting-perth/commercial-lighting-perth/w10-cct-bw.html
WL18_CCT_Sensor.pdf,LED Wall Light with Sensor 12w 18w,3,/products/lighting-perth/led-outdoor-wall-lights-perth/wl12-18-cct-sensor.html /lighting-perth/commercial-lighting-perth/wl12-18-cct-sensor.html /products/lighting-perth/security-sensors/wl12-18-cct-sensor.html
20601-1up_down.pdf,20601 Seaford Up/Down Wall Light Specs,1,/products/lighting-perth/led-outdoor-lights-perth/seaford-updown-wall.html
20781_05_Whitel_up_down_side_lens.pdf,20781 Glenelg Ambient Up/Down Light Specs,1,/products/lighting-perth/led-outdoor-lights-perth/glenelg-a-wall-light.html
18W_LED_Wall_light_CCT_white_square.pdf,18W LED Wall Light CCT Specs,1,/products/lighting-perth/led-outdoor-wall-lights-perth/18w-wall-light-cct.html
240V_strip_Single_colour_1.pdf,240V Pro Bright Strip Lights Specs,2,/products/lighting-perth/commercial-lighting-perth/st240v-pro.html /products/lighting-perth/led-strip-lights/st240v-pro.html
240V_Strip_lighting2.pdf,240V STRIP LIGHT INSTALLATION INSTRUCTIONS,4,/products/lighting-perth/commercial-lighting-perth/st240v-pro.html /products/lighting-perth/led-strip-lights/st240v-pro.html /products/lighting-perth/led-strip-lights/st240v-rgb.html /automation/smart-lights-perth/st240v-rgb.html
Smart_Outdoor_IP65_sensor_1.pdf,Mercator Ikuu Smart Outdoor Sensor,2,/products/lighting-perth/security-sensors/ikuu-smart-wifi-outdoor-sensor.html /automation/smart-lights-perth/ikuu-smart-wifi-outdoor-sensor.html
20051_05_Microwave_sensor.pdf,20051-05 Microwave Sensor Specs,1,/products/lighting-perth/security-sensors/eye360-mw-pir.html
18060_PIR_security_sensor.pdf,UNI-SCAN 180º PIR SENSOR,1,/products/lighting-perth/security-sensors/uni-scan-pir.html
RGBW_Starlights_1.pdf,3W RGBW STAR LIGHT SPECS,2,/lighting-perth/led-star-lights/dl3-rgbw-group.html /automation/smart-lights-perth/dl3-rgbw-group.html
Star_Lights_connection_1.pdf,RGBW Star Lights Connection,2,/lighting-perth/led-star-lights/dl3-rgbw-group.html /automation/smart-lights-perth/dl3-rgbw-group.html
GH-COB-15W.pdf,24v CCT LED 15W/M,2,/products/lighting-perth/led-strip-lights/st24v-9w-15w-cct-cob-1.html /automation/smart-lights-perth/st24v-9w-15w-cct-cob-1.html
GH-COB-WW-Outdoor.pdf,24V LED COB STRIP IP68 10W/M LONG RUN,2,/products/lighting-perth/led-strip-lights/st24v-9w-15w-cct-cob-1.html /automation/smart-lights-perth/st24v-9w-15w-cct-cob-1.html
GH-COB-RGB_Strip.pdf,24V COB PREMIUM RGB STRIP LIGHT,2,/products/lighting-perth/led-strip-lights/st24v-rgb-cob.html /automation/smart-lights-perth/st24v-rgb-cob.html
240V_strip_1.pdf,240V RGB LED Strip Light Specs,2,/products/lighting-perth/led-strip-lights/st240v-rgb.html /automation/smart-lights-perth/st240v-rgb.html
wifi_socket_user_manual.pdf,Smart Double GPO Instructions,2,/products/lighting-perth/glass-light-switch-perth-html/smart-crystal-touch-wall-socket.html /automation/smart-lights-perth/smart-crystal-touch-wall-socket.html
Smart_double_GPO.pdf,Smart Double GPO,2,/products/lighting-perth/glass-light-switch-perth-html/smart-crystal-touch-wall-socket.html /automation/smart-lights-perth/smart-crystal-touch-wall-socket.html
Glass_Switch_Plates_P.pdf,Glass Touch Switch Plates Specs,1,/products/lighting-perth/glass-light-switch-perth-html/glass-switch-premium-grp-1.html
Kinetic_switch_receiver.pdf,KINETIC SWITCH RECEIVER,2,/products/lighting-perth/glass-light-switch-perth-html/kinetic-gpo-sw-all.html /automation/smart-lights-perth/kinetic-gpo-sw-all.html
DXGPO2USB3_Data_Sheet.pdf,DOUBLE GPO WITH TWIN USB-C,1,/products/lighting-perth/glass-light-switch-perth-html/d-pp2usb3.html
Load_correction_device.pdf,GH-LC01 Load Correction Device Specs,1,/products/lighting-perth/glass-light-switch-perth-html/gh-lc01.html
WiFi_Smart_Socket.pdf,SMART WiFi Socket Specs,1,/automation/smart-lights-perth/gh-smart-socket.html
Zigbee_Gateway.pdf,Zigbee Gateway Specs,1,/automation/smart-lights-perth/zi-gateway.html
Zigbee_PIR_1.pdf,Zigbee PIR Specs,1,/automation/smart-lights-perth/zi-pir-sensor.html
